id;likelist
5352.0;['53eggew3fe']
5233.0;['fgesg2r34]' '[gerg43tr']
4324.0;['453tg3344rrwe']
644588483.0;"['2vhn7lcrAAk3jo6kdBtwQP' '3lQMzffAEj7NnJLL6T0Y62'
 '0MYZaB4hSiHVdHuUf4F6nQ' '6YoYLN155MLavQcl3bHmvY'
 '6azqCTqRBYTyJh9geJ1HEG' '4oxqp216awjiyQYwndUI8A'
 '2xYlyywNgefLCRDG8hlxZq' '1oVyEd2kMTLT1BpZVYMYFL'
 '0vzTqa302OOZubCJveRYiZ' '4d4mfz1H6PsC9QPr1w8rfD'
 '1yWubHzF7WQKOJDiSm8XUQ' '7nVzOpFNZVFZtbq3OGJHX9'
 '07gLWSrmiIH3r78vfVZx5x' '7hTpy28ZTGhrvUUHvA4Q6q'
 '2cLP3ysj6Al847SDOSuEqo' '5BODRfhgnHa4I5rDrkxs3x'
 '3JJYIoJ5FyY9E0DGjr7SXF' '1jPILMxey36Hw9dH1riSPD'
 '7k2z42fr12Pl9SY5G3MUkg' '7HnhlIIdRMENpkIAGlC0ZV'
 '3F0ciwEhXa4ExmJIkBJmkJ' '68dF2fJhETbjO3BVr3WUHo'
 '14yQai46k0r7GfMaMAAEzj' '4Sev6fwaxzknksf9qq8wNL'
 '4eGHEHqoDMMejzPhRFTc7p' '6KX5vKpZ1unNPujNhUzvBw'
 '0D2RbTrYE78phUG7W5MUJG' '0lEwO2YMAAMS9yA7mRm2Qj'
 '2CLmqGqTk9okK3N4hthCiw']"
